{"cameraMode":{"drawMode":0,"name":"Shaded","section":"Shading Mode"},"sceneLighting":false,"audioPlay":false,"sceneViewState":{"m_AlwaysRefresh":false,"showFog":true,"showSkybox":false,"showFlares":true,"showImageEffects":true,"showParticleSystems":true,"showVisualEffectGraphs":true,"m_FxEnabled":true},"in2DMode":false,"pivot":{"x":53.61000061035156,"y":1.6500000953674317,"z":25.110000610351564},"rotation":{"x":-0.01899748481810093,"y":-0.9810040593147278,"z":0.13774482905864716,"w":-0.1353374570608139},"size":1.2247449159622193,"orthographic":false}