{"cameraMode":{"drawMode":0,"name":"Shaded","section":"Shading Mode"},"sceneLighting":false,"audioPlay":false,"sceneViewState":{"m_AlwaysRefresh":false,"showFog":true,"showSkybox":false,"showFlares":true,"showImageEffects":true,"showParticleSystems":true,"showVisualEffectGraphs":true,"m_FxEnabled":true},"in2DMode":false,"pivot":{"x":0.1338394433259964,"y":-0.0812368094921112,"z":0.7252263426780701},"rotation":{"x":-0.01235892903059721,"y":-0.9066213369369507,"z":0.42096495628356936,"w":-0.026662519201636316},"size":1.369846224784851,"orthographic":false}