{"cameraMode":{"drawMode":0,"name":"Shaded","section":"Shading Mode"},"sceneLighting":false,"audioPlay":false,"sceneViewState":{"m_AlwaysRefresh":false,"showFog":true,"showSkybox":false,"showFlares":true,"showImageEffects":true,"showParticleSystems":true,"showVisualEffectGraphs":true,"m_FxEnabled":true},"in2DMode":false,"pivot":{"x":3.773366928100586,"y":2.3998875617980959,"z":-9.877495765686036},"rotation":{"x":-0.013901527039706707,"y":-0.3240226209163666,"z":-0.004748323000967503,"w":0.9459688067436218},"size":0.30261826515197756,"orthographic":false}