{"cameraMode":{"drawMode":0,"name":"Shaded","section":"Shading Mode"},"sceneLighting":false,"audioPlay":false,"sceneViewState":{"m_AlwaysRefresh":false,"showFog":true,"showSkybox":false,"showFlares":true,"showImageEffects":true,"showParticleSystems":true,"showVisualEffectGraphs":true,"m_FxEnabled":true},"in2DMode":false,"pivot":{"x":539.1106567382813,"y":17.587121963500978,"z":198.08224487304688},"rotation":{"x":0.09726343303918839,"y":-0.47996023297309878,"z":0.05365991219878197,"w":0.8702651262283325},"size":0.7551186680793762,"orthographic":false}