{"cameraMode":{"drawMode":0,"name":"Shaded","section":"Shading Mode"},"sceneLighting":false,"audioPlay":false,"sceneViewState":{"m_AlwaysRefresh":false,"showFog":true,"showSkybox":false,"showFlares":true,"showImageEffects":true,"showParticleSystems":true,"showVisualEffectGraphs":true,"m_FxEnabled":true},"in2DMode":false,"pivot":{"x":55.149200439453128,"y":1.8982545137405396,"z":25.986839294433595},"rotation":{"x":-0.001529292669147253,"y":-0.9962745904922485,"z":0.08448643237352371,"w":-0.018226467072963716},"size":0.1732044368982315,"orthographic":false}