{"cameraMode":{"drawMode":0,"name":"Shaded","section":"Shading Mode"},"sceneLighting":false,"audioPlay":false,"sceneViewState":{"m_AlwaysRefresh":false,"showFog":true,"showSkybox":false,"showFlares":true,"showImageEffects":true,"showParticleSystems":true,"showVisualEffectGraphs":true,"m_FxEnabled":true},"in2DMode":false,"pivot":{"x":540.6834716796875,"y":17.511301040649415,"z":199.1409149169922},"rotation":{"x":0.09726343303918839,"y":-0.47996023297309878,"z":0.05365991219878197,"w":0.8702651262283325},"size":0.9662248492240906,"orthographic":false}