{"cameraMode":{"drawMode":0,"name":"Shaded","section":"Shading Mode"},"sceneLighting":false,"audioPlay":false,"sceneViewState":{"m_AlwaysRefresh":false,"showFog":true,"showSkybox":false,"showFlares":true,"showImageEffects":true,"showParticleSystems":true,"showVisualEffectGraphs":true,"m_FxEnabled":true},"in2DMode":false,"pivot":{"x":33.226600646972659,"y":10.893410682678223,"z":-35.514949798583987},"rotation":{"x":0.032206904143095019,"y":-0.6474765539169312,"z":0.027420394122600557,"w":0.7609516978263855},"size":20.764957427978517,"orthographic":false}