{"cameraMode":{"drawMode":0,"name":"Shaded","section":"Shading Mode"},"sceneLighting":false,"audioPlay":false,"sceneViewState":{"m_AlwaysRefresh":false,"showFog":true,"showSkybox":false,"showFlares":true,"showImageEffects":true,"showParticleSystems":true,"showVisualEffectGraphs":true,"m_FxEnabled":true},"in2DMode":false,"pivot":{"x":543.5398559570313,"y":18.780088424682618,"z":200.25961303710938},"rotation":{"x":-0.04154473543167114,"y":-0.08084911853075028,"z":-0.0033493279479444029,"w":0.9958860874176025},"size":2.95169734954834,"orthographic":false}