{"cameraMode":{"drawMode":0,"name":"Shaded","section":"Shading Mode"},"sceneLighting":false,"audioPlay":false,"sceneViewState":{"m_AlwaysRefresh":false,"showFog":true,"showSkybox":false,"showFlares":true,"showImageEffects":true,"showParticleSystems":true,"showVisualEffectGraphs":true,"m_FxEnabled":true},"in2DMode":false,"pivot":{"x":-4.234270095825195,"y":-0.21819114685058595,"z":-11.328655242919922},"rotation":{"x":-0.25536707043647768,"y":0.5776820778846741,"z":-0.19671647250652314,"w":-0.7499212622642517},"size":12.491438865661621,"orthographic":false}