{"cameraMode":{"drawMode":0,"name":"Shaded","section":"Shading Mode"},"sceneLighting":false,"audioPlay":false,"sceneViewState":{"m_AlwaysRefresh":false,"showFog":true,"showSkybox":false,"showFlares":true,"showImageEffects":true,"showParticleSystems":true,"showVisualEffectGraphs":true,"m_FxEnabled":true},"in2DMode":false,"pivot":{"x":-24.110000610351564,"y":6.575852870941162,"z":-1.2599999904632569},"rotation":{"x":0.28291887044906618,"y":-0.6024035811424255,"z":0.24130773544311524,"w":0.7062883377075195},"size":3.7469751834869386,"orthographic":false}