{"cameraMode":{"drawMode":0,"name":"Shaded","section":"Shading Mode"},"sceneLighting":true,"audioPlay":false,"sceneViewState":{"m_AlwaysRefresh":false,"showFog":true,"showSkybox":true,"showFlares":true,"showImageEffects":true,"showParticleSystems":true,"showVisualEffectGraphs":true,"m_FxEnabled":true},"in2DMode":false,"pivot":{"x":16.558204650878908,"y":2.039302349090576,"z":23.504457473754884},"rotation":{"x":0.008853252977132798,"y":0.9785575270652771,"z":-0.04289654269814491,"w":0.20184287428855897},"size":4.190507888793945,"orthographic":false}