{"cameraMode":{"drawMode":0,"name":"Shaded","section":"Shading Mode"},"sceneLighting":true,"audioPlay":false,"sceneViewState":{"m_AlwaysRefresh":false,"showFog":true,"showSkybox":true,"showFlares":true,"showImageEffects":true,"showParticleSystems":true,"showVisualEffectGraphs":true,"m_FxEnabled":true},"in2DMode":false,"pivot":{"x":477.73895263671877,"y":567.43115234375,"z":13.752822875976563},"rotation":{"x":0.0973561704158783,"y":0.000028476129955379292,"z":0.000028177939384477213,"w":0.9952606558799744},"size":528.9987182617188,"orthographic":false}