{"cameraMode":{"drawMode":0,"name":"Shaded","section":"Shading Mode"},"sceneLighting":true,"audioPlay":false,"sceneViewState":{"m_AlwaysRefresh":false,"showFog":true,"showSkybox":true,"showFlares":true,"showImageEffects":true,"showParticleSystems":true,"showVisualEffectGraphs":true,"m_FxEnabled":true},"in2DMode":false,"pivot":{"x":513.1533813476563,"y":169.82994079589845,"z":-21.324081420898439},"rotation":{"x":0.0008462045225314796,"y":0.9978533983230591,"z":0.013162811286747456,"w":-0.06414945423603058},"size":405.5338439941406,"orthographic":false}