{"cameraMode":{"drawMode":0,"name":"Shaded","section":"Shading Mode"},"sceneLighting":false,"audioPlay":false,"sceneViewState":{"m_AlwaysRefresh":false,"showFog":true,"showSkybox":false,"showFlares":true,"showImageEffects":true,"showParticleSystems":true,"showVisualEffectGraphs":true,"m_FxEnabled":true},"in2DMode":false,"pivot":{"x":23.510250091552736,"y":4.6247334480285648,"z":-39.56877136230469},"rotation":{"x":0.15120378136634828,"y":0.019273702055215837,"z":-0.0029323820490390064,"w":0.98834228515625},"size":12.093568801879883,"orthographic":false}