{"cameraMode":{"drawMode":0,"name":"Shaded","section":"Shading Mode"},"sceneLighting":true,"audioPlay":false,"sceneViewState":{"m_AlwaysRefresh":false,"showFog":true,"showSkybox":true,"showFlares":true,"showImageEffects":true,"showParticleSystems":true,"showVisualEffectGraphs":true,"m_FxEnabled":true},"in2DMode":false,"pivot":{"x":201.2357940673828,"y":110.72347259521485,"z":21.000938415527345},"rotation":{"x":-0.04795360565185547,"y":0.0344855859875679,"z":0.0016346713528037072,"w":0.9982702136039734},"size":249.38442993164063,"orthographic":false}